Key,Context,Original English,Hebrew (Natural),Hebrew (Formal),Hebrew (Concise),Hebrew (Colloquial),Manual Override,Final Translation
btn_save,Standard save button,Save,שמירה,שמירה,שמירה,לשמור,,שמירה
btn_cancel,Standard cancel button,Cancel,ביטול,ביטול,ביטול,לבטל,,ביטול
btn_delete,Standard delete button,Delete,מחיקה,מחיקה,מחיקה,למחוק,,מחיקה
btn_edit,Standard edit button,Edit,ערוך,ערוך,עריכה,לערוך,,ערוך
btn_add,Standard add button,Add,הוסף,הוסף,הוסף,להוסיף,,הוסף
btn_close,Standard close button,Close,סגור,סגור,סגור,לסגור,,סגור
btn_confirm,Standard confirm button,Confirm,אישור,אשר,אישור,לאשר,,אישור
btn_back,Standard back button,Back,חזור,חזור,חזור,אחורה,,חזור
btn_export,Standard export button,Export,ייצוא,ייצוא,ייצוא,לייצא,,ייצוא
btn_import,Standard import button,Import,ייבא,ייבא,ייבוא,לייבא,,ייבא
btn_clear_all,Clear all filters or selections,Clear All,נקה הכל,נקה הכל,נקה הכל,לנקות הכל,,נקה הכל
btn_download_template,Download CSV template,Template,תבנית,תבנית,תבנית,תבנית,,תבנית
btn_create,General create button,Create,צור,צור חדש,יצירה,להכין,,צור
loading_text,Standard loading message,Loading...,טוען...,בטעינה...,טעינה,רגע...,,טוען...
no_data_msg,Empty state message,No data matches current filters.,אין נתונים התואמים לפילטרים.,לא נמצאו רשומות התואמות לסינון הנוכחי,אין תוצאות,לא מצאנו כלום,,אין נתונים התואמים לפילטרים.
sidebar_section_ops,Sidebar section,OPERATIONS,תפעול,ניהול תפעולי,תפעול,עבודה,,תפעול
sidebar_section_mgmt,Sidebar section,MANAGEMENT,ניהול,אדמיניסטרציה וניהול,ניהול,ניהול,,ניהול
sidebar_section_analytics,Sidebar section,ANALYTICS,אנליטיקה,ניתוח נתונים ומגמות,נתונים,דוחות,,אנליטיקה
nav_dashboard,Sidebar link,Dashboard,דשבורד,לוח בקרה מרכזי,לוח בקרה,דשבורד,,דשבורד
nav_calendar,Sidebar link,Calendar,יומן,לוח אירועים מרכזי,יומן,לוח שנה,,יומן
nav_power_tools,Sidebar link,Power Tools,כלים מתקדמים,ניהול אירועים מתקדם,כלים,כלי עריכה,,כלים מתקדמים
nav_gantt,Sidebar link,Semesters & Blackouts,סמסטרים וחופשות,ניהול תקופות לימוד וחופשות,סמסטרים,חופשות וסמסטרים,,סמסטרים וחופשות
nav_teachers,Sidebar link,Teachers,מורים,מאגר צוות הוראה,מורים,מורים,,מורים
nav_locations,Sidebar link,Locations,מיקומים,ניהול כיתות ומרחבים,חדרים,מקומות,,מיקומים
nav_lists,Sidebar link,Dropdown Lists,רשימות,ניהול תפריטי קטגוריות,רשימות,רשימות בחירה,,רשימות
nav_financial_dash,Sidebar link,Financial Dashboard,לוח בקרה פיננסי,לוח בקרה פיננסי,לוח בקרה פיננסי,לוח בקרה פיננסי,,לוח בקרה פיננסי
nav_financial_analysis,Sidebar link,Financial Analysis,ניתוח נתונים פיננסיים,ניתוח נתונים מורחב,אנליטיקה,דוחות מפורטים,,ניתוח נתונים פיננסיים
nav_settings,Sidebar link,Settings,הגדרות,הגדרות מערכת,הגדרות,הגדרות,,הגדרות
cal_view_month,Calendar view toggle,Month,חודש,תצוגה חודשית,חודש,חודשי,,חודש
cal_view_week,Calendar view toggle,Week,שבוע,תצוגה שבועית,שבוע,שבועי,,שבוע
cal_view_day,Calendar view toggle,Day,יום,תצוגה יומית,יום,יומי,,יום
cal_view_list,Calendar view toggle,List,רשימה,תצוגת רשימת אירועים,רשימה,רשימה,,רשימה
cal_today,Calendar header button,Today,היום,יום נוכחי,היום,היום,,היום
cal_filter_teacher,Calendar filter label,Teacher,מורה,סינון לפי מורה,מורה,מורה,,מורה
cal_filter_room,Calendar filter label,Room,חדר,סינון לפי חדר/מיקום,חדר,חדר,,חדר
cal_filter_type,Calendar filter label,Type,סוג,סינון לפי סוג אירוע,סוג,סוג,,סוג
cal_btn_add_event,Calendar button,Add Event,הוסף אירוע,הוספת אירוע חדש ליומן,חדש,להוסיף,,הוסף אירוע
cal_modal_title_add,Modal title,Add Event,הוסף אירוע,יצירת אירוע חדש,חדש,להוסיף,,הוסף אירוע
cal_modal_title_edit,Modal title,Edit Event,ערוך אירוע,עריכת פרטי אירוע,עריכה,לערוך,,ערוך אירוע
cal_label_title,Input label,Title,כותרת,שם האירוע / כותרת,כותרת,כותרת,,כותרת
cal_label_teacher,Input label,Teacher,מורה,מורה אחראי,מורה,מורה,,מורה
cal_label_room,Input label,Room,חדר,מיקום / חדר לימוד,חדר,חדר,,חדר
cal_label_position,Input label,Position,תפקיד,תפקיד / הגדרת משרה,תפקיד,תפקיד,,תפקיד
cal_label_type,Input label,Type,סוג,סוג פעילות,סוג,סוג,,סוג
cal_label_date,Input label,Date,תאריך,מועד האירוע,תאריך,תאריך,,תאריך
cal_label_start,Input label,Start Time,זמן התחלה,שעת התחלה,התחלה,מתחיל ב-,,זמן התחלה
cal_label_end,Input label,End Time,זמן סיום,שעת סיום,סיום,נגמר ב-,,זמן סיום
cal_label_recur,Input label,Recurring,מחזורי,אירוע חוזר במערכת,חזורי,קבוע,,מחזורי
cal_recur_none,Option,None,ללא,ללא חזרתיות,ללא,חד פעמי,,ללא
cal_recur_daily,Option,Daily,יומי,חזרה יומית,יומי,כל יום,,יומי
cal_recur_weekly,Option,Weekly,שבועי,חזרה שבועית,שבועי,כל שבוע,,שבועי
cal_recur_monthly,Option,Monthly,חודשי,חזרה חודשית,חודשי,כל חודש,,חודשי
cal_legend_individual,Legend,Individual Lesson,שיעור פרטני,שיעור הוראה פרטנית,פרטני,פרטי,,שיעור פרטני
cal_legend_group,Legend,Group Lesson,שיעור קבוצתי,שיעור בקבוצה / הרכב,קבוצתי,קבוצה,,שיעור קבוצתי
cal_legend_general,Legend,General Event,אירוע כללי,אירוע כללי / מנהלתי,כללי,שונות,,אירוע כללי
cal_legend_break,Legend,Break/Blackout,הפסקה/חסימה,זמן חסום / הפסקה,חסימה,הפסקה,,הפסקה/חסימה
power_tab_clash,Tab title,Clash Detector,זיהוי התנגשויות,"מערכת לזיהוי התנגשויות בלו""ז",התנגשויות,"בעיות בלו""ז",,זיהוי התנגשויות
power_tab_bulk,Tab title,Bulk Actions,פעולות גורפות,ביצוע שינויים מרובים,גורף,שינוי המוני,,פעולות גורפות
power_clash_desc,Description,Find overlapping bookings for teachers and rooms.,מצא התנגשויות בשיבוץ מורים וחדרים.,איתור חפיפות בזמני מורים וחדרי לימוד,חפיפות,בדיקת כפילויות,,מצא התנגשויות בשיבוץ מורים וחדרים.
power_bulk_desc,Description,Update or delete multiple events at once.,עדכן או מחק מספר אירועים בו-זמנית.,ביצוע עדכון או מחיקה של קבוצת אירועים,עדכון המוני,לשנות הכל,,עדכן או מחק מספר אירועים בו-זמנית.
gantt_title,Page header,Semesters & Blackouts,סמסטרים וחופשות,ניהול מערך סמסטרים וחופשים,חופשות וסמסטרים,סמסטרים וחופשות,,סמסטרים וחופשות
gantt_btn_add,Button,Add Semester/Blackout,הוסף סמסטר/חופשה,הגדרת תקופת לימוד או חופשה חדשה,חדש,להוסיף,,הוסף סמסטר/חופשה
teach_title,Page header,Teacher Manager,ניהול מורים,מערכת ניהול סגל ההוראה,מורים,ניהול מורים,,ניהול מורים
teach_btn_add,Button,Add Teacher,הוסף מורה,רישום מורה חדש במערכת,הוסף מורה,מורה חדש,,הוסף מורה
teach_col_name,Table header,Name,שם,שם המורה,שם,שם,,שם
teach_col_email,Table header,Email,אימייל,כתובת דואר אלקטרוני,אימייל,מייל,,אימייל
teach_col_phone,Table header,Phone,טלפון,מספר טלפון ליצירת קשר,טלפון,טלפון,,טלפון
teach_col_positions,Table header,Positions,תפקידים,תחומי הוראה ותפקידים,תפקידים,תפקידים,,תפקידים
teach_col_tags,Table header,Tags,תגיות,סיווגי תיוג ניהולי,תגיות,תגיות,,תגיות
loc_title,Page header,Location Manager,ניהול מיקומים,ניהול רשימת חדרים ומיקומים,חדרים,ניהול חדרים,,ניהול מיקומים
loc_btn_add,Button,Add Location,הוסף מיקום,הוספת חדר או מרחב לימוד חדש,הוסף חדר,מקום חדש,,הוסף מיקום
loc_col_name,Table header,Room Name,שם החדר,שם החדר / המרחב,שם,שם חדר,,שם החדר
loc_col_capacity,Table header,Capacity,קיבולת,תפוסת חדר מקסימלית,קיבולת,כמות אנשים,,קיבולת
loc_col_type,Table header,Type,סוג,סוג המרחב (כיתה/אולם),סוג,סוג,,סוג
list_title,Page title,Dropdown Lists,רשימות בחירה,ניהול רשימות שדות נתונים,ניהול רשימות,רשימות מתקפלות,,רשימות בחירה
list_desc,Description,Manage the options for dropdown menus across the app.,נהל את האפשרויות לתפריטי הבחירה באפליקציה.,עריכת ערכים לרשימות בחירה במערכת,ערוך רשימות,הגדרות תפריטים,,נהל את האפשרויות לתפריטי הבחירה באפליקציה.
fin_dash_title,Page header,Financial Dashboard,דשבורד פיננסי,לוח בקרה וסקירה פיננסית,כספים,מצב כספי,,דשבורד פיננסי
fin_stat_revenue,Stat label,Total Revenue,סך הכנסות,"סה""כ הכנסות ברוטו",הכנסות,כסף שנכנס,,סך הכנסות
fin_stat_hours,Stat label,Total Hours,"סה""כ שעות","סה""כ שעות פעילות/הוראה",שעות,כמה שעות,,"סה""כ שעות"
fin_stat_avg_rate,Stat label,Avg. Hourly Rate,תעריף שעתי ממוצע,ממוצע הכנסה לשעת הוראה,ממוצע לשעה,שכר שעתי,,תעריף שעתי ממוצע
fin_chart_revenue_time,Chart title,Revenue Over Time,הכנסות לאורך זמן,מגמת הכנסות תקופתית,הכנסות,גרף הכנסות,,הכנסות לאורך זמן
fin_chart_revenue_teacher,Chart title,Revenue by Teacher,הכנסות לפי מורה,התפלגות הכנסות לפי סגל הוראה,לפי מורה,כמה כל מורה מכניס,,הכנסות לפי מורה
fin_ana_title,Page header,Financial Analysis,ניתוח נתונים פיננסיים,"ניתוח עומק ודו""חות פיננסיים",אנליטיקה,דוחות כספיים,,ניתוח נתונים פיננסיים
fin_ana_group_by,Label,Group By,קבץ לפי,חיתוך נתונים לפי קטגוריה,קבץ לפי,סידור לפי,,קבץ לפי
fin_ana_period,Label,Time Period,תקופת זמן,טווח תאריכים לניתוח,זמן,תקופה,,תקופת זמן
set_title,Page header,Settings,הגדרות,הגדרות מערכת וניהול חשבון,הגדרות,הגדרות,,הגדרות
set_section_general,Section,General Settings,הגדרות כלליות,הגדרות מערכת בסיסיות,כללי,הגדרות,,הגדרות כלליות
set_label_org_name,Input label,Organization Name,שם הארגון,שם המוסד / המרכז,שם,שם המקום,,שם הארגון
set_label_currency,Input label,Currency,מטבע,מטבע פעילות מוגדר,מטבע,כסף,,מטבע
set_btn_save,Button,Save Settings,שמור הגדרות,שמירת עדכוני מערכת,שמור,לשמור,,שמור הגדרות
cal_cat_lesson,OptGroup,Lessons,שיעורים,פעילויות הוראה ולימוד,שיעורים,שיעורים,,שיעורים
cal_cat_indiv_lesson,Option,Individual Lesson,שיעור פרטני,הוראה פרטנית במרכז,פרטני,שיעור פרטי,,שיעור פרטני
cal_cat_group_lesson,Option,Group Lesson,שיעור קבוצתי,פעילות הרכב/קבוצה,קבוצתי,קבוצה,,שיעור קבוצתי
cal_cat_general_events,OptGroup,General Events,אירועים כלליים,רשימת סיווגים כללים (פעילות חיצונית/מנהלה),כללי,שונות (לא שיעורים),,אירועים כלליים
cal_recur_biweekly,Option,Bi-Weekly,דו-שבועי,מופע פעם בשבועיים,דו-שבועי,כל שבועיים,,דו-שבועי
cal_recur_ends_after,Input label,Ends after,מסתיים לאחר,פקיעת תוקף המחזוריות (לאחר),מסתיים אחרי,נגמר אחרי,,מסתיים לאחר
cal_recur_ends_on,Input label,Ends on,מסתיים בתאריך,מועד תפוגת מחזוריות (תאריך ספציפי),מסתיים ב-,עד מתי,,מסתיים בתאריך
cal_recur_occurrences,Suffix,occurrences,מופעים,מופעים חזוריים,פעמים,פעמים,,מופעים
cal_btn_save_series,Button text,Save & Update Series,שמור ועדכן סדרה,שמירת שינויים והחלה על סדרת מופעים,עדכן סדרה,לשנות הכל,,שמור ועדכן סדרה
cal_recur_this_only,Option,This event only,אירוע זה בלבד,עדכון מופע נוכחי בלבד,רק זה,רק הפעם,,אירוע זה בלבד
cal_recur_all_future,Option,This and all future events,אירוע זה וכל הבאים,עדכון מופע נוכחי וכל המופעים העתידיים,החל מכאן,מהיום והלאה,,אירוע זה וכל הבאים
cal_recur_all_events,Option,All events in series,כל האירועים בסדרה,עדכון כל המופעים בסדרה (עבר ועתיד),כל הסדרה,כל הפעמים,,כל האירועים בסדרה
cal_error_teacher_req,Error message,Teacher is required,חובה לבחור מורה,יש לבחור מורה מתוך הרשימה,חובה מורה,חסר מורה,,חובה לבחור מורה
cal_error_room_req,Error message,Room is required,חובה לבחור חדר,יש לבחור מיקום/חדר מהרשימה,חובה חדר,חסר חדר,,חובה לבחור חדר
cal_error_date_req,Error message,Date is required,חובה לבחור תאריך,יש להזין תאריך תקף,חובה תאריך,חסר תאריך,,חובה לבחור תאריך
cal_error_time_range,Error message,End time must be after start time.,זמן הסיום חייב להיות אחרי זמן ההתחלה.,שעת הסיום אינה יכולה להיות מוקדמת משעת ההתחלה,שגיאת זמן,זמן לא תקין,,זמן הסיום חייב להיות אחרי זמן ההתחלה.
cal_conflict_alert,Alert title,Scheduling Conflict,"התנגשות בלו""ז",זוהתה התנגשות בשיבוץ האירועים,התנגשות,"לו""ז כפול",,"התנגשות בלו""ז"
cal_conflict_teacher,Conflict detail,Teacher is already booked.,המורה כבר תפוס.,המורה משובץ לאירוע אחר בזמן זה,מורה תפוס,המורה כבר עובד,,המורה כבר תפוס.
cal_conflict_room,Conflict detail,Room is already booked.,החדר כבר תפוס.,החדר משובץ לשימוש אחר בזמן זה,חדר תפוס,החדר לא פנוי,,החדר כבר תפוס.
cal_conflict_ignore,Button,Save Anyway,שמור בכל זאת,אישור ושמירה למרות ההתנגשות,שמור,בכל זאת,,שמור בכל זאת
power_clash_none,Message,No conflicts found for the selected period.,לא נמצאו התנגשויות לתקופה שנבחרה.,סריקת המערכת לא העלתה התנגשויות בטווח התאריכים,אין בעיות,הכל תקין,,לא נמצאו התנגשויות לתקופה שנבחרה.
power_bulk_select,Label,Select events to update,בחר אירועים לעדכון,יש לסמן את האירועים עליהם יחול השינוי,בחר אירועים,סמן מה לשנות,,בחר אירועים לעדכון
power_bulk_action,Label,Choose Action,בחר פעולה,בחר את הפעולה לביצוע גורף,פעולה,מה לעשות,,בחר פעולה
power_bulk_delete,Option,Delete Selected,מחק נבחרים,מחיקת כל האירועים המסומנים,מחיקה,למחוק,,מחק נבחרים
power_bulk_change_teacher,Option,Change Teacher,החלף מורה,עדכון המורה לכל האירועים שנבחרו,החלף מורה,לשנות מורה,,החלף מורה
power_bulk_change_room,Option,Change Room,החלף חדר,עדכון המיקום לכל האירועים שנבחרו,החלף חדר,לשנות חדר,,החלף חדר
gantt_label_name,Input label,Name,שם,שם הסמסטר או החופשה,שם,שם,,שם
gantt_label_type,Input label,Type,סוג,סוג התקופה (לימודים/חופשה),סוג,סוג,,סוג
gantt_type_semester,Option,Semester,סמסטר,תקופת לימודים רשמית,סמסטר,סמסטר,,סמסטר
gantt_type_blackout,Option,Blackout/Holiday,חופשה,ימי חופשה או חסימה מנהלתית,חופשה,חופש,,חופשה
gantt_error_overlap,Error,Dates overlap with an existing entry.,התאריכים חופפים לרשומה קיימת.,טווח התאריכים המוזן חופף לתקופה שכבר הוגדרה,חפיפת תאריכים,כבר קיים,,התאריכים חופפים לרשומה קיימת.
teach_label_status,Input label,Status,סטטוס,סטטוס העסקה נוכחי,סטטוס,מצב,,סטטוס
teach_status_active,Option,Active,פעיל,מורה פעיל במערכת,פעיל,עובד,,פעיל
teach_status_inactive,Option,Inactive,לא פעיל,מורה שאינו פעיל כעת,לא פעיל,מוקפא,,לא פעיל
teach_btn_view,Action,View Details,צפה בפרטים,צפייה בכרטיס המורה המלא,פרטים,לראות,,צפה בפרטים
teach_btn_edit,Action,Edit Profile,ערוך פרופיל,עריכת פרטי המורה והגדרותיו,עריכה,לערוך,,ערוך פרופיל
loc_label_type,Input label,Room Type,סוג חדר,סיווג סוג המיקום,סוג,סוג,,סוג חדר
loc_type_classroom,Option,Classroom,כיתה,חדר לימוד רגיל,כיתה,כיתה,,כיתה
loc_type_studio,Option,Studio,סטודיו,חדר סטודיו / חדר אימון,סטודיו,סטודיו,,סטודיו
loc_type_hall,Option,Hall,אולם,אולם מופעים או חדר גדול,אולם,אולם,,אולם
loc_type_other,Option,Other,אחר,מיקום מסוג אחר,אחר,אחר,,אחר
list_cat_teacher_pos,Category title,Teacher Positions,תפקידי מורים,רשימת הגדרות תפקיד לסגל,תפקידים,תפקידים,,תפקידי מורים
list_cat_event_types,Category title,Event Types,סוגי אירועים,רשימת סוגי הפעילויות ביומן,סוגים,סוגים,,סוגי אירועים
list_cat_tags,Category title,Management Tags,תגיות ניהול,תגיות לסיווג וניהול פנימי,תגיות,תגיות,,תגיות
fin_ana_group_none,Option,No Grouping,ללא הקבצה,הצגת נתונים גולמית ללא חיתוך,ללא,הכל רגיל,,ללא הקבצה
fin_ana_group_teacher,Option,Teacher,מורה,ניתוח נתונים לפי מורה,לפי מורה,מורה,,מורה
fin_ana_group_type,Option,Event Type,סוג אירוע,ניתוח נתונים לפי סוג הפעילות,לפי סוג,סוג,,סוג אירוע
fin_ana_group_location,Option,Location,מיקום,ניתוח נתונים לפי חדר או מרחב,לפי מיקום,מקום,,מיקום
fin_ana_period_current_month,Option,Current Month,החודש,נתוני החודש הקלנדרי הנוכחי,החודש,החודש,,החודש
fin_ana_period_last_month,Option,Last Month,חודש שעבר,סיכום נתוני החודש הקודם,חודש שעבר,חודש שעבר,,חודש שעבר
fin_ana_period_year,Option,This Year,השנה,סיכום נתונים מתחילת השנה,השנה,השנה,,השנה
fin_ana_period_custom,Option,Custom Range,טווח מותאם אישית,בחירת טווח תאריכים ידני,מותאם,לבחור זמן,,טווח מותאם אישית
set_label_email,Input label,Admin Email,אימייל מנהל,"כתובת דוא""ל למשלוח הודעות מערכת",אימייל,מייל מנהל,,אימייל מנהל
set_label_timezone,Input label,Timezone,אזור זמן,הגדרת אזור זמן מקומי,אזור זמן,שעון,,אזור זמן
set_label_lang,Input label,Default Language,שפת ברירת מחדל,שפת ממשק המערכת הראשית,שפה,שפה,,שפת ברירת מחדל
set_success_msg,Notification,Settings saved successfully.,ההגדרות נשמרו בהצלחה.,כל השינויים עודכנו ונשמרו במערכת,נשמר,עודכן,,ההגדרות נשמרו בהצלחה.
components/CalendarView.tsx:1621,Imported from translated_strings,— No Room —,— ללא חדר —,— אין חדר —,— חדר לא נבחר —,ללא חדר,,— ללא חדר —
components/FinancialDashboard.tsx:586,Imported from translated_strings,· Click headers to sort,· לחץ על הכותרות למיון,· הקלק למיון אופקי,· לחץ למיון,מיון לפי כותרת,,· לחץ על הכותרות למיון
components/CalendarView.tsx:1487,Imported from translated_strings,(Optional),(אופציונלי),(רשות),(לא חובה),(לבחירה),,(אופציונלי)
components/CalendarView.tsx:1579,Imported from translated_strings,(Requires Teacher & Position),(דורש מורה ותפקיד),(מותנה במורה ובתפקיד),(חובה לבחור מורה),(מצריך מורה/תפקיד),,(דורש מורה ותפקיד)
components/TeacherManager.tsx:939,Imported from translated_strings,* Colors will be auto-assigned,* צבעים יוקצו אוטומטית,* צבעים ייבחרו אוטומטית,* הקצאת צבע אוטומטית,צבע אוטומטי,,* צבעים יוקצו אוטומטית
components/Layout.tsx:320,Imported from translated_strings,© 2026 Music Center,© 2026 מרכז המוזיקה,© 2026 המרכז למוזיקה,כל הזכויות שמורות 2026,© 2026,,© 2026 מרכז המוזיקה
components/TeacherManager.tsx:846,Imported from translated_strings,+ Add first position,+ הוסף תפקיד ראשון,+ הגדר תפקיד חדש,+ פתח משרה ראשונה,הוסף תפקיד,,+ הוסף תפקיד ראשון
components/FinancialAnalysis.tsx:210,Imported from translated_strings,$ — US Dollar (USD),$ — דולר אמריקאי,$ — USD,$ — דולר,דולר אמריקאי,,$ — דולר אמריקאי
components/FinancialAnalysis.tsx:212,Imported from translated_strings,£ — British Pound (GBP),£ — לירה שטרלינג,£ — GBP,£ — פאונד,פאונד בריטי,,£ — לירה שטרלינג
components/FinancialAnalysis.tsx:213,Imported from translated_strings,¥ — Japanese Yen (JPY),¥ — ין יפני,¥ — JPY,¥ — ין,ין יפני,,¥ — ין יפני
components/FinancialAnalysis.tsx:211,Imported from translated_strings,€ — Euro (EUR),€ — אירו,€ — EUR,€ — יורו,אירו,,€ — אירו
components/FinancialAnalysis.tsx:209,Imported from translated_strings,₪ — Israeli Shekel (ILS),₪ — שקל חדש,₪ — ILS,₪ — שקל,שקל חדש,,₪ — שקל חדש
components/ManageLists.tsx:206,Imported from translated_strings,1. Fill in the data below,1. מלא את הנתונים למטה,1. הזן פרטים מטה,1. מילוי טופס,הזנת נתונים,,1. מלא את הנתונים למטה
components/ManageLists.tsx:207,Imported from translated_strings,2. Export to CSV,2. ייצא ל-CSV,2. הורד קובץ נתונים,2. שמירה כקובץ,ייצוא נתונים,,2. ייצא ל-CSV
components/ManageLists.tsx:208,Imported from translated_strings,3. Open in your app,3. פתח באפליקציה שלך,3. טען למערכת,3. הפעלת קוד,סנכרון אפליקציה,,3. פתח באפליקציה שלך
components/ManageLists.tsx:181,Imported from translated_strings,Actions,פעולות,ניהול,ביצוע,פעולות,,פעולות
components/ChartBuilderModal.tsx:883,Imported from translated_strings,Add Position,הוספת תפקיד,הגדרת משרה,שיוך מקצועי,הוסף תפקיד,,הוספת תפקיד
components/ManageLists.tsx:191,Imported from translated_strings,Add Row,הוסף שורה,הוספת רשומה,חדש,הוסף,,הוסף שורה
components/TeacherManager.tsx:839,Imported from translated_strings,Add Teacher,הוספת מורה,רישום איש צוות,מורה חדש,הוסף מורה,,הוספת מורה
components/TeacherManager.tsx:903,Imported from translated_strings,Already in list,כבר ברשימה,קיים במערכת,רשום,כבר קיים,,כבר ברשימה
components/TeacherManager.tsx:892,Imported from translated_strings,Back to List,חזרה לרשימה,חזור,אחורה,חזור,,חזרה לרשימה
components/CalendarView.tsx:1925,Imported from translated_strings,Cancel,ביטול,בטל,יציאה,ביטול,,ביטול
components/CalendarView.tsx:1305,Imported from translated_strings,Category: All,קטגוריה: הכל,לפי קטגוריה: כולם,כל הקבוצות,סיווג כללי,,קטגוריה: הכל
components/ChartBuilderModal.tsx:920,Imported from translated_strings,Choose an icon for this position,בחר אייקון לתפקיד זה,שייך סמל גרפי,בחר סמל,אייקון תפקיד,,בחר אייקון לתפקיד זה
components/FinancialAnalysis.tsx:237,Imported from translated_strings,Classify data by category (timeframes are controlled separately below),קבץ נתונים לפי קטגוריה (טווחי זמן נשלטים בנפרד למטה),ניתוח לפי סיווג נושאי,סינון קטגוריות,קיבוץ נתונים,,קבץ נתונים לפי קטגוריה (טווחי זמן נשלטים בנפרד למטה)
components/FinancialDashboard.tsx:571,Imported from translated_strings,Current Week,השבוע הנוכחי,שבוע זה,השבוע,השבוע,,השבוע הנוכחי
components/FinancialDashboard.tsx:510,Imported from translated_strings,Daily,יומי,מדי יום,כל יום,יומי,,יומי
components/FinancialAnalysis.tsx:254,Imported from translated_strings,Download Report (CSV),הורד דוח (CSV),ייצוא נתונים לקובץ,שמור דוח,הורדת דוח,,הורד דוח (CSV)
components/ManageLists.tsx:180,Imported from translated_strings,Entry Name,שם הרשומה,ערך,שם,שם,,שם הרשומה
components/ManageLists.tsx:188,Imported from translated_strings,Export,ייצוא,שמור כקובץ חיצוני,הפצה,ייצוא,,ייצוא
components/FinancialDashboard.tsx:476,Imported from translated_strings,Financial Dashboard,לוח בקרה פיננסי,סקירה כספית,דשבורד כספים,מצב פיננסי,,לוח בקרה פיננסי
components/ManageLists.tsx:205,Imported from translated_strings,How to use this tool:,איך להשתמש בכלי זה:,מדריך למשתמש,הוראות,איך זה עובד?,,איך להשתמש בכלי זה:
components/FinancialDashboard.tsx:511,Imported from translated_strings,Hourly,שעתי,לפי שעה,כל שעה,שעתי,,שעתי
components/TeacherManager.tsx:936,Imported from translated_strings,Import Teachers from CSV,ייבוא מורים מקובץ CSV,טעינת סגל מקובץ,הוספה המונית,ייבוא מורים,,ייבוא מורים מקובץ CSV
components/CalendarView.tsx:1222,Imported from translated_strings,Live,חי,בשידור חי,פעיל עכשיו,בלייב,,חי
components/FinancialDashboard.tsx:570,Imported from translated_strings,Monthly,חודשי,מדי חודש,כל חודש,חודשי,,חודשי
components/CalendarView.tsx:1304,Imported from translated_strings,No Filters,ללא פילטרים,ללא סינון,הכל,נקה הכל,,ללא פילטרים
components/CalendarView.tsx:1620,Imported from translated_strings,No Room,ללא חדר,אין חדר,לא נבחר מיקום,אין חדר,,ללא חדר
components/TeacherManager.tsx:908,Imported from translated_strings,No teachers found in this file.,לא נמצאו מורים בקובץ זה.,הקובץ ריק מנתוני סגל,אין נתונים,קובץ ריק,,לא נמצאו מורים בקובץ זה.
components/ChartBuilderModal.tsx:915,Imported from translated_strings,Position Name,שם התפקיד,הגדרת המשרה,תפקיד,שם תפקיד,,שם התפקיד
components/ChartBuilderModal.tsx:938,Imported from translated_strings,Preview,תצוגה מקדימה,הצג לפני שמירה,איך זה נראה?,תצוגה,,תצוגה מקדימה
components/FinancialDashboard.tsx:505,Imported from translated_strings,Revenue Trend,מגמת הכנסות,גרף רווחים,כיוון הכנסות,מגמה,,מגמת הכנסות
components/ChartBuilderModal.tsx:948,Imported from translated_strings,Save,שמירה,שמור,אישור,שמור,,שמירה
components/CalendarView.tsx:1931,Imported from translated_strings,Save & Update Series,שמור ועדכן סדרה,עדכון כל המופעים,שמור הכל,עדכן סדרה,,שמור ועדכן סדרה
components/CalendarView.tsx:1938,Imported from translated_strings,Save Changes,שמור שינויים,עדכן,אישור,שמור,,שמור שינויים
components/ChartBuilderModal.tsx:912,Imported from translated_strings,Select Icon,בחר אייקון,בחירת סמל,אייקון,בחר סמל,,בחר אייקון
components/FinancialAnalysis.tsx:246,Imported from translated_strings,Select the time period for analysis (independent of grouping),בחר את תקופת הזמן לניתוח (ללא קשר להקבצה),קביעת טווח תאריכים,בחר זמן,תקופת ניתוח,,בחר את תקופת הזמן לניתוח (ללא קשר להקבצה)
components/TeacherManager.tsx:905,Imported from translated_strings,Select Teachers to Import,בחר מורים לייבוא,סמן אנשי סגל לטעינה,מי לייבא?,בחר מורים,,בחר מורים לייבוא
components/TeacherManager.tsx:937,Imported from translated_strings,"Select your .csv file with columns: Name, Email, Phone, Tags",בחר קובץ .csv עם העמודות: שם,אימייל,טלפון,תגיות,העלה קובץ נתונים מפורמט,בחר קובץ
components/TeacherManager.tsx:911,Imported from translated_strings,Selected,נבחרו,סומנו,נבחרו מורים,נבחר,,נבחרו
components/TeacherManager.tsx:904,Imported from translated_strings,Skip,דלג,וותר,הבא,דלג,,דלג
components/ManageLists.tsx:189,Imported from translated_strings,Template,תבנית,קובץ אב,פורמט מקור עקבי,תבנית,,תבנית
components/Settings.tsx:325,Imported from translated_strings,Testing Tools,כלי בדיקה,סל פתרונות ניסוי שגיאות,מרחב הניסוי והטעייה,בדיקות,,כלי בדיקה
components/FinancialAnalysis.tsx:173,Imported from translated_strings,This action cannot be undone.,לא ניתן לבטל פעולה זו.,מחיקה פרמננטית מסוכנת,אובדן נתונים לא הפיך לחלוטין,בלתי הפיך,,לא ניתן לבטל פעולה זו.
components/CalendarView.tsx:1884,Imported from translated_strings,This is part of a recurring series. What would you like to,זהו אירוע מתוך סדרה חוזרת. מה תרצה לעשות,נמצא ברצף אירועים מתגלגל,זה חלק מגוש מתמשך זמן מה לא לעשות,שייך לסדרה,,זהו אירוע מתוך סדרה חוזרת. מה תרצה לעשות
components/CalendarView.tsx:1226,Imported from translated_strings,TODAY,היום,המועד הנוכחי,זמננו המדויק עכשיו,היום!,,היום
components/CalendarView.tsx:1306,Imported from translated_strings,Type: All,סוג: הכל,לפי סוג: כולם,כל סוג פעילות באזור,סוג הפעילות,,סוג: הכל
components/TeacherManager.tsx:906,Imported from translated_strings,unique teachers. Select the ones you want to import.,מורים ייחודיים. בחר את אלו שברצונך לייבוא.,אנשי סגל חדשים לזיהוי,מי להוסיף?,מורים לייבוא,,מורים ייחודיים. בחר את אלו שברצונך לייבוא.
components/ManageLists.tsx:162,Imported from translated_strings,Update your app by modifying these lists.,עדכן את האפליקציה שלך על ידי שינוי רשימות אלו.,ניהול ערכי המערכת,שנה רשימות,עדכון נתונים,,עדכן את האפליקציה שלך על ידי שינוי רשימות אלו.
nav_analysis,Sidebar link,Analysis,ניתוח,ניתוח נתונים,ניתוח,ניתוח,,ניתוח
nav_super_admin,Sidebar link,Super Admin,מנהל-על,ניהול מערכת עליון,מנהל-על,מנהל-על,,מנהל-על
btn_sign_out,Sidebar button,Sign Out,יציאה,התנתקות מהמערכת,יציאה,להתנתק,,יציאה
theme_light,Theme toggle,Light Mode,מצב בהיר,מצב תצוגה בהיר,בהיר,מצב בהיר,,מצב בהיר
theme_dark,Theme toggle,Dark Mode,מצב כהה,מצב תצוגה כהה,כהה,מצב כהה,,מצב כהה
nav_mobile_access,Sidebar link,Mobile Access,גישה מנייד,גישה ממכשיר נייד,מובייל,גישה מנייד,,גישה מנייד
footer_copyright,Footer text,Copyright Noam Solutions.,זכויות יוצרים Noam Solutions.,כל הזכויות שמורות ל-Noam Solutions.,© Noam Solutions,© Noam Solutions,,זכויות יוצרים Noam Solutions.
sidebar_expand,Tooltip,Expand Sidebar,הרחב תפריט צד,הרחב את סרגל הצד,הרחב,הרחב,,הרחב תפריט צד
sidebar_collapse,Tooltip,Collapse Sidebar,כווץ תפריט צד,כווץ את סרגל הצד,כווץ,כווץ,,כווץ תפריט צד
btn_open_menu,Tooltip,Open Menu,פתח תפריט,פתח את התפריט,תפריט,פתח תפריט,,פתח תפריט
set_section_currency,Section header,Currency,מטבע,הגדרות מטבע,מטבע,מטבע,,מטבע
set_label_currency_symbol,Input label,Currency Symbol,סמל מטבע,סמל המטבע הפעיל,סמל,סמל מטבע,,סמל מטבע
set_currency_desc,Description,This symbol will appear next to all cost values in the financial dashboard, analysis, and exports.,סמל זה יופיע ליד כל ערכי העלות בדשבורד הפיננסי, הניתוח והייצוא.,סמל זה ישמש להצגת ערכים כספיים בכל חלקי המערכת.,מופיע ליד כל ערך כספי,סימן הכסף בכל מקום,,סמל זה יופיע ליד כל ערכי העלות בדשבורד הפיננסי, הניתוח והייצוא.
set_currency_inr,Option,₹ — Indian Rupee (INR),₹ — רופי הודי,₹ — INR,₹ — רופי,רופי הודי,,₹ — רופי הודי
set_currency_btc,Option,₿ — Bitcoin (BTC),₿ — ביטקוין,₿ — BTC,₿ — ביטקוין,ביטקוין,,₿ — ביטקוין
set_week_hidden,Option,Hidden,מוסתר,מספרי שבוע מוסתרים,מוסתר,מוסתר,,מוסתר
set_week_number,Option,Week Number,מספר שבוע,מספר שבוע שנתי,מספר,מספר שבוע,,מספר שבוע
set_week_of,Option,Week of...,שבוע של...,שבוע שמתחיל בתאריך...,שבוע של,שבוע של...,,שבוע של...
set_gcal_sync,Section title,Google Calendar Sync,סנכרון יומן Google,סנכרון עם יומן Google,סנכרון Google,סנכרון גוגל,,סנכרון יומן Google
set_gcal_desc,Description,Push scheduled lessons to the tenant admin's Google Calendar.,דחיפת שיעורים מתוזמנים ליומן Google של מנהל הארגון.,העברת שיעורים שנקבעו ליומן Google של מנהל המערכת.,סנכרון שיעורים ליומן,דחיפת שיעורים לגוגל,,דחיפת שיעורים מתוזמנים ליומן Google של מנהל הארגון.
btn_connect_account,Button,Connect My Account,חבר את החשבון שלי,חיבור החשבון האישי,חבר חשבון,חבר אותי,,חבר את החשבון שלי
btn_disconnect,Button,Disconnect,נתק,ניתוק הסנכרון,נתק,נתק,,נתק
label_admin_only,Status label,Admin only,מנהלים בלבד,זמין למנהלי מערכת בלבד,מנהלים בלבד,רק למנהלים,,מנהלים בלבד
label_managed_by_admin,Status label,Managed by tenant admin,מנוהל על ידי מנהל הארגון,בניהול מנהל הארגון,מנוהל בידי מנהל,מנהל מטפל,,מנוהל על ידי מנהל הארגון
set_connected_via,Label,Connected via,מחובר דרך,חשבון מחובר באמצעות,מחובר דרך,מחובר דרך,,מחובר דרך
set_sync_inactive,Warning,Different account — sync inactive for you,חשבון אחר — סנכרון לא פעיל עבורך,חשבון שונה — הסנכרון אינו פעיל עבורך,סנכרון לא פעיל,לא מסונכרן עבורך,,חשבון אחר — סנכרון לא פעיל עבורך
set_token_expired,Warning,Authentication token expired. Please reconnect to restore sync.,אסימון האימות פג תוקף. חבר מחדש כדי לשחזר את הסנכרון.,תוקף אסימון האימות פג. יש להתחבר מחדש.,אסימון פג תוקף,חבר מחדש,,אסימון האימות פג תוקף. חבר מחדש כדי לשחזר את הסנכרון.
btn_reconnect,Button,Reconnect,חבר מחדש,התחברות מחדש,חבר מחדש,חבר מחדש,,חבר מחדש
set_fetching_cals,Loading,Fetching your calendars...,מביא את היומנים שלך...,טוען את רשימת היומנים...,טוען יומנים...,רגע...,,מביא את היומנים שלך...
set_select_calendar,Label,Select Target Calendar,בחר יומן יעד,בחירת יומן היעד,בחר יומן,בחר יומן,,בחר יומן יעד
set_choose_cal,Placeholder,-- Choose a calendar --,— בחר יומן —,— בחר יומן מהרשימה —,— בחר —,— בחר יומן —,,— בחר יומן —
set_primary,Label,(Primary),(ראשי),(יומן ראשי),(ראשי),(ראשי),,(ראשי)
set_auto_add_desc,Description,New lessons will be automatically added to this calendar.,שיעורים חדשים יתווספו אוטומטית ליומן זה.,שיעורים שנוצרו יתווספו באופן אוטומטי ליומן הנבחר.,הוספה אוטומטית,שיעורים חדשים נכנסים אוטומטית,,שיעורים חדשים יתווספו אוטומטית ליומן זה.
set_sync_managed_by,Description,Calendar sync is managed by {email},סנכרון היומן מנוהל על ידי {email},ניהול הסנכרון באחריות {email},מנוהל ע"י {email},{email} מנהל את הסנכרון,,סנכרון היומן מנוהל על ידי {email}
set_sync_condition,Description,Events will only sync to Google Calendar when the designated admin ({email}) is logged in. Only that account can modify the calendar configuration.,אירועים יסתנכרנו ליומן Google רק כאשר המנהל המיועד ({email}) מחובר. רק חשבון זה יכול לשנות את הגדרות היומן.,הסנכרון פעיל רק בעת התחברות המנהל ({email}). שינוי הגדרות יומן אפשרי רק מחשבון זה.,סנכרון רק כשמנהל מחובר,עובד רק כש-{email} מחובר,,אירועים יסתנכרנו ליומן Google רק כאשר המנהל המיועד ({email}) מחובר. רק חשבון זה יכול לשנות את הגדרות היומן.
fin_all_time,Option,All Time,כל הזמנים,כל הנתונים ההיסטוריים,הכל,מאז ומעולם,,כל הזמנים
fin_grand_total,Stat label,Grand Total,סה"כ כולל,סיכום כולל כל ההכנסות,סה"כ,סך הכל,,סה"כ כולל
fin_hourly_fees,Stat label,Hourly Fees,תעריפים שעתיים,עלויות שעתיות מצטברות,שעתי,שכר שעתי,,תעריפים שעתיים
fin_global_monthly,Stat label,Global Monthly,חודשי גלובלי,עלויות חודשיות קבועות,חודשי,חודשי,,חודשי גלובלי
fin_active_hours,Stat label,Active Hours,שעות פעילות,סה"כ שעות הוראה פעילות,שעות,שעות פעילות,,שעות פעילות
fin_canceled_label,Stat label,Canceled,מבוטלים,אירועים מבוטלים,מבוטל,מבוטל,,מבוטלים
fin_teacher_metrics,Section title,Teacher Metrics,מדדי מורים,נתונים מפורטים לפי מורה,מדדי מורים,נתוני מורים,,מדדי מורים
fin_sort_hint,Hint text,· Click headers to sort,· לחץ על הכותרות למיון,· ניתן למיין בלחיצה על כותרות,· לחץ למיון,מיון לפי כותרת,,· לחץ על הכותרות למיון
col_name,Table header,Name,שם,שם,שם,שם,,שם
col_active_hrs,Table header,Active Hrs,שעות פעילות,שעות הוראה פעילות,שעות,שעות פעילות,,שעות פעילות
col_canceled_hrs,Table header,Canceled Hrs,שעות מבוטלות,שעות שבוטלו,מבוטלות,שעות מבוטלות,,שעות מבוטלות
col_cancel_count,Table header,Cancel #,מס' ביטולים,מספר ביטולים,ביטולים,ביטולים,,מס' ביטולים
col_hourly_cost,Table header,Hourly Cost,עלות שעתית,עלות מבוססת שעות,שעתי,עלות שעתית,,עלות שעתית
col_one_off_cost,Table header,One-Off Cost,עלות חד-פעמית,עלויות חד-פעמיות,חד-פעמי,עלות חד-פעמית,,עלות חד-פעמית
col_global_cost,Table header,Global Cost,עלות גלובלית,עלויות חודשיות קבועות,גלובלי,עלות גלובלית,,עלות גלובלית
col_total,Table header,Total,סה"כ,סיכום כולל,סה"כ,סה"כ,,סה"כ
col_recipient,Table header,Recipient,נמען,שם הנמען,נמען,נמען,,נמען
col_email_address,Table header,Email Address,כתובת אימייל,כתובת דואר אלקטרוני,אימייל,מייל,,כתובת אימייל
col_total_payout,Table header,Total Payout,סה"כ תשלום,סיכום תשלום כולל,סה"כ,סה"כ תשלום,,סה"כ תשלום
fin_delete_chart,Modal title,Delete Chart,מחק תרשים,מחיקת תרשים,מחק,מחק תרשים,,מחק תרשים
fin_insight_title,Input label,Insight Title,כותרת תובנה,שם התובנה,כותרת,כותרת תובנה,,כותרת תובנה
fin_metric,Input label,Metric,מדד,מדד לניתוח,מדד,מדד,,מדד
fin_total_active_hours,Option,Total Active Hours,סה"כ שעות פעילות,סיכום שעות הוראה פעילות,שעות פעילות,שעות פעילות,,סה"כ שעות פעילות
fin_total_canceled_hours,Option,Total Canceled Hours,סה"כ שעות מבוטלות,סה"כ שעות שבוטלו,מבוטלות,שעות מבוטלות,,סה"כ שעות מבוטלות
fin_hourly_payroll,Option,Hourly Payroll,שכר שעתי,עלויות שכר שעתיות,שעתי,שכר שעתי,,שכר שעתי
fin_global_payroll,Option,Global Payroll,שכר גלובלי,עלויות שכר חודשיות,גלובלי,שכר גלובלי,,שכר גלובלי
fin_grand_total_payroll,Option,Grand Total Payroll,סה"כ שכר,סיכום כולל של עלויות שכר,סה"כ שכר,סה"כ שכר,,סה"כ שכר
fin_avg_hours_teacher,Option,Avg Hours per Teacher,ממוצע שעות למורה,ממוצע שעות הוראה למורה,ממוצע שעות,ממוצע שעות,,ממוצע שעות למורה
fin_avg_payroll_teacher,Option,Avg Payroll per Teacher,ממוצע שכר למורה,ממוצע עלות שכר למורה,ממוצע שכר,ממוצע שכר,,ממוצע שכר למורה
fin_cancel_rate,Option,Cancellation Rate,שיעור ביטולים,אחוז אירועים שבוטלו,ביטולים,שיעור ביטולים,,שיעור ביטולים
fin_highest_earner,Option,Highest Earner,המשתכר הגבוה,המורה עם ההשתכרות הגבוהה,הגבוה,המשתכר הגבוה,,המשתכר הגבוה
fin_lowest_earner,Option,Lowest Earner,המשתכר הנמוך,המורה עם ההשתכרות הנמוכה,הנמוך,המשתכר הנמוך,,המשתכר הנמוך
filter_all_teachers,Filter option,All Teachers,כל המורים,כל אנשי הסגל,כל המורים,כולם,,כל המורים
btn_save_insight,Button,Save Insight,שמור תובנה,שמירת התובנה,שמור,שמור תובנה,,שמור תובנה
btn_download_report,Button,Download Report (CSV),הורד דוח (CSV),הורדת דוח בפורמט CSV,הורד דוח,הורד דוח,,הורד דוח (CSV)
fin_choose_insights,Section title,Choose Visible Insights,בחר תובנות לתצוגה,בחירת תובנות להצגה,בחר תובנות,בחר תובנות,,בחר תובנות לתצוגה
fin_no_insights,Empty state,No insights selected. Click Edit to choose which insights to display.,לא נבחרו תובנות. לחץ על ערוך כדי לבחור אילו תובנות להציג.,לא הוגדרו תובנות. לחץ עריכה לבחירת תובנות.,אין תובנות,לחץ ערוך לבחירת תובנות,,לא נבחרו תובנות. לחץ על ערוך כדי לבחור אילו תובנות להציג.
fin_create_first_chart,Empty state,Create your first custom chart,צור את התרשים המותאם הראשון שלך,יצירת התרשים המותאם הראשון,צור תרשים,צור תרשים ראשון,,צור את התרשים המותאם הראשון שלך
fin_back_to_dashboard,Tooltip,Back to Dashboard,חזרה לדשבורד,חזרה ללוח הבקרה,חזור,חזרה,,חזרה לדשבורד
teach_page_title,Page header,Teacher Management,ניהול מורים,מערכת ניהול צוות הוראה,ניהול מורים,ניהול מורים,,ניהול מורים
filter_all_categories,Filter option,All Categories,כל הקטגוריות,כל הסיווגים,הכל,כל הקטגוריות,,כל הקטגוריות
filter_by_position,Filter option,Filter by Position,סנן לפי תפקיד,סינון לפי הגדרת תפקיד,לפי תפקיד,סנן לפי תפקיד,,סנן לפי תפקיד
filter_by_tag,Filter option,Filter by Tag,סנן לפי תגית,סינון לפי תגית ניהולית,לפי תגית,סנן לפי תגית,,סנן לפי תגית
col_positions_rates,Table header,Positions & Rates,תפקידים ותעריפים,תפקידי הוראה ותעריפים,תפקידים,תפקידים ותעריפים,,תפקידים ותעריפים
col_contact,Table header,Contact,פרטי קשר,פרטי יצירת קשר,קשר,פרטי קשר,,פרטי קשר
label_full_name,Input label,Full Name,שם מלא,שם המורה המלא,שם,שם מלא,,שם מלא
label_teacher_color,Input label,Teacher Color,צבע המורה,צבע ייצוגי למורה,צבע,צבע,,צבע המורה
label_position_assignment,Label,Position Assignment,שיוך תפקיד,הגדרת שיוך תפקיד,תפקיד,שיוך תפקיד,,שיוך תפקיד
label_category,Input label,Category,קטגוריה,סיווג הפעילות,קטגוריה,קטגוריה,,קטגוריה
label_rate_type,Input label,Rate Type,סוג תעריף,סוג התעריף,תעריף,סוג תעריף,,סוג תעריף
teach_import_title,Modal title,Import Teachers,ייבוא מורים,ייבוא צוות הוראה,ייבוא,ייבוא מורים,,ייבוא מורים
col_rates,Table header,Rates,תעריפים,תעריפי שכר,תעריפים,תעריפים,,תעריפים
placeholder_search_teachers,Placeholder,Search teachers...,חפש מורים...,חיפוש בצוות ההוראה...,חפש...,חפש מורים...,,חפש מורים...
placeholder_or_type_new,Placeholder,Or type new...,או הקלד חדש...,או הזן ערך חדש...,חדש...,או הקלד חדש...,,או הקלד חדש...
tooltip_remove_position,Tooltip,Remove position,הסר תפקיד,הסרת שיוך תפקיד,הסר,הסר תפקיד,,הסר תפקיד
room_title,Page header,Room Management,ניהול חדרים,ניהול חדרים ומרחבים,חדרים,ניהול חדרים,,ניהול חדרים
room_itinerary,Section header,Itinerary & Equipment,ציוד ואביזרים,ציוד וריהוט בחדר,ציוד,ציוד ואביזרים,,ציוד ואביזרים
label_room_name,Input label,Room Name,שם החדר,שם החדר/המיקום,שם,שם החדר,,שם החדר
label_itinerary_desc,Input label,Itinerary / Description,תיאור / ציוד,תיאור החדר והציוד,תיאור,תיאור / ציוד,,תיאור / ציוד
placeholder_room_details,Placeholder,Details about equipment, capacity, etc.,פרטים על ציוד, קיבולת וכדומה,פרטים אודות ציוד, קיבולת ותנאי החדר,ציוד, קיבולת,פרטים על ציוד וקיבולת,,פרטים על ציוד, קיבולת וכדומה
gantt_label_title,Input label,Title,כותרת,כותרת התקופה,כותרת,כותרת,,כותרת
gantt_label_start_date,Input label,Start Date,תאריך התחלה,תאריך תחילת התקופה,התחלה,תאריך התחלה,,תאריך התחלה
gantt_label_end_date,Input label,End Date,תאריך סיום,תאריך סיום התקופה,סיום,תאריך סיום,,תאריך סיום
gantt_label_color,Input label,Display Color,צבע תצוגה,צבע הצגה בגרף,צבע,צבע,,צבע תצוגה
gantt_apply_blackout,Toggle label,Apply Blackout,החל חסימה,הפעלת חסימת תקופה,חסימה,החל חסימה,,החל חסימה
gantt_blackout_desc,Description,Automatically HIDE all events in this range from calendar and reports.,הסתר אוטומטית את כל האירועים בטווח זה מהיומן ומהדוחות.,הסתרה אוטומטית של כל האירועים בטווח מהיומן ומהדוחות.,הסתר אירועים,הסתר הכל בטווח,,הסתר אוטומטית את כל האירועים בטווח זה מהיומן ומהדוחות.
gantt_subtitle,Page subtitle,Manage semesters & blackouts.,ניהול סמסטרים וחופשות.,ניהול תקופות לימוד וחופשות.,סמסטרים וחופשות,ניהול סמסטרים,,ניהול סמסטרים וחופשות.
pt_time_range,Section header,Time Range,טווח זמן,הגדרת טווח תאריכים,זמן,טווח זמן,,טווח זמן
label_from,Input label,From,מ-,מתאריך,מ-,מ-,,מ-
label_to,Input label,To,עד,עד תאריך,עד,עד,,עד
pt_criteria,Section header,Criteria,קריטריונים,קריטריונים לסינון,קריטריונים,קריטריונים,,קריטריונים
filter_all_types,Filter option,All Types,כל הסוגים,כל סוגי הפעילויות,הכל,כל הסוגים,,כל הסוגים
filter_all_tags,Filter option,All Tags,כל התגיות,כל התגיות הניהוליות,הכל,כל התגיות,,כל התגיות
pt_interactive,Section title,Interactive Selection,בחירה אינטראקטיבית,בחירת אירועים ידנית,בחירה ידנית,בחירה אינטראקטיבית,,בחירה אינטראקטיבית
pt_import_csv,Section title,Import Schedule from CSV,ייבוא מערכת שעות מ-CSV,ייבוא מערכת שעות מקובץ CSV,ייבוא CSV,ייבוא מ-CSV,,ייבוא מערכת שעות מ-CSV
label_blackout,Badge,BLACKOUT,חסימה,תקופת חסימה,חסימה,חסימה,,חסימה
cal_canceled,Status,CANCELED,מבוטל,מבוטל,מבוטל,מבוטל,,מבוטל
cal_no_events,Empty state,No events,אין אירועים,אין אירועים בתאריך זה,אין אירועים,אין אירועים,,אין אירועים
cal_hide_canceled,Toggle,Hide Canceled,הסתר מבוטלים,הסתר אירועים מבוטלים,הסתר מבוטלים,הסתר מבוטלים,,הסתר מבוטלים
cal_hide_blackouts,Toggle,Hide Blackouts,הסתר חסימות,הסתר תקופות חסומות,הסתר חסימות,הסתר חסימות,,הסתר חסימות
cal_label_event_name,Input label,Event Name,שם האירוע,שם האירוע,שם,שם האירוע,,שם האירוע
cal_select_category,Placeholder,Select Category,בחר קטגוריה,בחר סוג פעילות,בחר,בחר קטגוריה,,בחר קטגוריה
cal_recurring_event,Toggle label,Recurring Event,אירוע מחזורי,הגדרת אירוע חוזר,מחזורי,אירוע מחזורי,,אירוע מחזורי
cal_every,Label,Every,כל,חזרה כל,כל,כל,,כל
cal_on_days,Label,On days,בימים,בימים הבאים,בימים,בימים,,בימים
cal_monthly_mode,Label,Monthly mode,מחזוריות חודשית,הגדרת מחזור חודשי,חודשי,מצב חודשי,,מחזוריות חודשית
cal_mark_canceled,Toggle label,Mark as Canceled,סמן כמבוטל,סימון כאירוע מבוטל,מבוטל,סמן כמבוטל,,סמן כמבוטל
cal_cancel_pay_status,Input label,Cancellation Pay Status,סטטוס תשלום ביטול,הגדרת תשלום בעת ביטול,תשלום ביטול,סטטוס תשלום,,סטטוס תשלום ביטול
cal_no_pay,Option,No Pay,ללא תשלום,ביטול ללא תשלום,ללא תשלום,ללא תשלום,,ללא תשלום
cal_paid_cancel,Option,Paid Cancellation,ביטול בתשלום,ביטול עם תשלום מלא,בתשלום,ביטול בתשלום,,ביטול בתשלום
cal_delete_event,Button,Delete Event,מחק אירוע,מחיקת אירוע,מחק,מחק אירוע,,מחק אירוע
cal_payment_method,Input label,Payment Method,שיטת תשלום,אופן התשלום,תשלום,שיטת תשלום,,שיטת תשלום
placeholder_event_name,Placeholder,e.g. Piano Lesson,לדוגמה: שיעור פסנתר,לדוגמה: שיעור פסנתר,שיעור פסנתר,לדוגמה: שיעור פסנתר,,לדוגמה: שיעור פסנתר
tooltip_add_event,Tooltip,Click to add event,לחץ להוספת אירוע,לחץ ליצירת אירוע חדש,הוסף אירוע,לחץ להוספת אירוע,,לחץ להוספת אירוע
tooltip_toggle_filters,Tooltip,Toggle Filters,הצג/הסתר פילטרים,החלפת תצוגת פילטרים,פילטרים,הצג פילטרים,,הצג/הסתר פילטרים
chart_title_label,Input label,Chart Title,כותרת התרשים,שם התרשים,כותרת,כותרת,,כותרת התרשים
chart_filter_mode,Label,Filter Mode,מצב סינון,הגדרת אופן הסינון,סינון,מצב סינון,,מצב סינון
chart_live,Option,Live,חי,נתונים בזמן אמת,חי,חי,,חי
chart_live_desc,Description,Reacts to dashboard filters,מגיב לפילטרי הדשבורד,מעודכן בהתאם לפילטרים הפעילים,מגיב לפילטרים,מגיב לפילטרים,,מגיב לפילטרי הדשבורד
chart_snapshot,Option,Snapshot,תמונת מצב,נתונים מוקפאים,תמונה,תמונת מצב,,תמונת מצב
chart_snapshot_desc,Description,Freezes filters at save time,מקפיא פילטרים בעת השמירה,שומר את הפילטרים כפי שהוגדרו בעת השמירה,מקפיא פילטרים,מקפיא בשמירה,,מקפיא פילטרים בעת השמירה
chart_sort_by,Label,Sort By,מיין לפי,מיון לפי,מיין,מיין לפי,,מיין לפי
chart_dimension_label,Option,Dimension Label,תווית מימד,מיון לפי שם,תווית,לפי שם,,תווית מימד
chart_ascending,Option,Ascending,עולה,סדר עולה,עולה,עולה,,עולה
chart_descending,Option,Descending,יורד,סדר יורד,יורד,יורד,,יורד
chart_no_options,Empty state,No options available,אין אפשרויות זמינות,אין אפשרויות להצגה,ריק,אין אפשרויות,,אין אפשרויות זמינות
filter_teachers,Filter section,Teachers,מורים,צוות הוראה,מורים,מורים,,מורים
filter_positions,Filter section,Positions,תפקידים,תפקידי הוראה,תפקידים,תפקידים,,תפקידים
filter_tags,Filter section,Tags,תגיות,תגיות ניהוליות,תגיות,תגיות,,תגיות
filter_categories,Filter section,Categories,קטגוריות,סיווגי פעילות,קטגוריות,קטגוריות,,קטגוריות
filter_rate_type,Filter section,Rate Type,סוג תעריף,סוג תעריף שכר,תעריף,סוג תעריף,,סוג תעריף
list_classifications,Category title,Classifications,סיווגים,רשימת סיווגי פעילות,סיווגים,סיווגים,,סיווגים
auth_sign_in_google,Button,Sign In with Google,התחבר עם Google,התחברות באמצעות חשבון Google,התחבר,התחבר עם גוגל,,התחבר עם Google
auth_workspaces,Section title,Authorized Workspaces,סביבות עבודה מורשות,סביבות עבודה מאושרות,סביבות עבודה,סביבות עבודה,,סביבות עבודה מורשות
confirm_delete_event,Dialog,Are you sure you want to delete this event?,האם אתה בטוח שברצונך למחוק אירוע זה?,האם ברצונך למחוק אירוע זה?,למחוק אירוע?,בטוח למחוק?,,האם אתה בטוח שברצונך למחוק אירוע זה?
confirm_delete_gantt,Dialog,Delete this Gantt block? This may affect blackouts.,למחוק בלוק זה? הפעולה עשויה להשפיע על חסימות.,האם למחוק בלוק זה? פעולה זו עלולה להשפיע על חסימות.,למחוק? משפיע על חסימות,בטוח? עלול להשפיע,,למחוק בלוק זה? הפעולה עשויה להשפיע על חסימות.
alert_end_time,Error alert,End time must be after start time,זמן הסיום חייב להיות אחרי זמן ההתחלה,שעת הסיום חייבת להיות מאוחרת משעת ההתחלה,שגיאת שעה,זמן לא תקין,,זמן הסיום חייב להיות אחרי זמן ההתחלה
confirm_delete_teacher,Dialog,Are you sure you want to delete this teacher? Associated events will show warnings.,האם למחוק מורה זה? אירועים קשורים יציגו אזהרות.,האם ברצונך למחוק מורה זה? אירועים שנוצרו בשמו יציגו אזהרות.,למחוק מורה?,בטוח? אירועים יראו אזהרה,,האם למחוק מורה זה? אירועים קשורים יציגו אזהרות.
confirm_delete_room,Dialog,Are you sure? Scheduled events will flag warnings.,האם אתה בטוח? אירועים מתוזמנים יציגו אזהרות.,האם ברצונך להמשיך? אירועים מתוזמנים יציגו אזהרות.,בטוח? אזהרות באירועים,בטוח?,,האם אתה בטוח? אירועים מתוזמנים יציגו אזהרות.
confirm_delete_gantt_block,Dialog,Delete this block? If it is a blackout, events will be restored.,למחוק בלוק זה? אם זו חסימה, האירועים ישוחזרו.,האם למחוק? במקרה של חסימה, האירועים יחזרו לתצוגה.,למחוק? אירועים ישוחזרו,בטוח?,,למחוק בלוק זה? אם זו חסימה, האירועים ישוחזרו.
alert_error_reading_file,Error alert,Error reading file,שגיאה בקריאת הקובץ,אירעה שגיאה בקריאת הקובץ,שגיאת קובץ,שגיאה בקריאה,,שגיאה בקריאת הקובץ
alert_no_valid_teachers,Error alert,No valid or new unique teachers found in CSV. Please ensure the file contains columns: Name, Email, Phone, Position, Category, RateType, RateValue, Tags,לא נמצאו מורים תקינים או חדשים ב-CSV. ודא שהקובץ מכיל עמודות: שם, אימייל, טלפון, תפקיד, קטגוריה, סוג תעריף, ערך תעריף, תגיות,לא אותרו רשומות חדשות בקובץ. ודא שהקובץ בפורמט הנדרש.,אין מורים חדשים ב-CSV,לא מצאנו מורים חדשים,,לא נמצאו מורים תקינים או חדשים ב-CSV. ודא שהקובץ מכיל עמודות: שם, אימייל, טלפון, תפקיד, קטגוריה, סוג תעריף, ערך תעריף, תגיות
alert_no_valid_rows,Error alert,No valid rows found. Please ensure dates are in YYYY-MM-DD or DD/MM/YYYY format.,לא נמצאו שורות תקינות. ודא שהתאריכים בפורמט YYYY-MM-DD או DD/MM/YYYY.,לא נמצאו שורות תקינות. ודא שפורמט התאריכים תקין.,אין שורות תקינות,תאריכים לא תקינים,,לא נמצאו שורות תקינות. ודא שהתאריכים בפורמט YYYY-MM-DD או DD/MM/YYYY.
alert_csv_parse_fail,Error alert,Failed to parse CSV file.,שגיאה בניתוח קובץ CSV.,אירעה שגיאה בעיבוד קובץ ה-CSV.,שגיאת CSV,CSV לא תקין,,שגיאה בניתוח קובץ CSV.
confirm_delete_all_data,Dialog,Are you sure you want to permanently delete all Teachers, Rooms, Events, and Gantt Blocks from THIS workspace in the cloud?,האם אתה בטוח שברצונך למחוק לצמיתות את כל המורים, החדרים, האירועים ובלוקי הגאנט ממרחב העבודה הזה בענן?,האם ברצונך למחוק לצמיתות את כל הנתונים במרחב עבודה זה?,למחוק הכל?,בטוח? הכל יימחק,,האם אתה בטוח שברצונך למחוק לצמיתות את כל המורים, החדרים, האירועים ובלוקי הגאנט ממרחב העבודה הזה בענן?
tooltip_edit,Tooltip,Edit,ערוך,עריכה,ערוך,ערוך,,ערוך
tooltip_duplicate,Tooltip,Duplicate,שכפל,שכפול,שכפל,שכפל,,שכפל
tooltip_delete,Tooltip,Delete,מחק,מחיקה,מחק,מחק,,מחק
tooltip_switch_light,Tooltip,Switch to Light Mode,עבור למצב בהיר,מעבר למצב תצוגה בהיר,מצב בהיר,עבור לבהיר,,עבור למצב בהיר
tooltip_switch_dark,Tooltip,Switch to Dark Mode,עבור למצב כהה,מעבר למצב תצוגה כהה,מצב כהה,עבור לכהה,,עבור למצב כהה
dynamic_rate_hourly,Dynamic label,Rate ({currency}/hour),תעריף ({currency}/שעה),תעריף ({currency} לשעה),({currency}/שעה),תעריף ({currency}/שעה),,תעריף ({currency}/שעה)
dynamic_monthly_fee,Dynamic label,Monthly Fee ({currency}),דמי חודשי ({currency}),תשלום חודשי ({currency}),({currency}),דמי חודשי ({currency}),,דמי חודשי ({currency})
dynamic_send_reports,Dynamic button,Send {n} Reports,שלח {n} דוחות,שליחת {n} דוחות,שלח {n},שלח {n} דוחות,,שלח {n} דוחות
dynamic_week_of,Dynamic label,Week of {date},שבוע של {date},שבוע שמתחיל ב-{date},שבוע {date},שבוע של {date},,שבוע של {date}
